Kategorie,Art,Unterkategorie,Sparte,AktuellerFormName,KorrekterFormName,CategoryEntityName,SubCategoryKey,SubCategoryGroupKey,GroupTypeKey
"Mobilität","Personenfahrzeug","Quad","4x4","quad","mobility-passenger-vehicle-quad-quad-4x4","mobility","passenger-vehicle","quad","quad-4x4"
"Mobilität","Nutzfahrzeug","Anhänger","A","trailer","mobility-commercial-vehicle-trailer-a","mobility","commercial-vehicle","trailer","a"
"Mobilität","Nutzfahrzeug","Kasten","A","boxvan","mobility-commercial-vehicle-box-boxvan","mobility","commercial-vehicle","box","boxvan"
"Verträge","Darlehen","Immobilie","Abrufdarlehen","contract-loan-credit-creditcontract","contract-loan-realestate-call-loan","contract","loan","realestate","call-loan"
"Immobilien","mit Bebauung","Bewirtschaftung","Ackerland","farmland","realestate-with-development-farmland-farmland","realestate","with-development","farmland","farmland"
"Verträge","Darlehen","Immobilie","Annuitätendarlehen","contract-loan-realestate-annuityloan","contract-loan-realestate-annuity-loan","contract","loan","realestate","annuity-loan"
"Finanzkonten","Systeme","Bezahlsysteme","Apple Pay","contract-creditcard-credit-creditcard","financeaccount-systems-payment-systems-apple-pay","financeaccount","systems","payment-systems","apple-pay"
"Verträge","Arbeitsvertrag","Angestellter","Aufhebungsvertrag","contract-employment-employee-terminationAgreement","contract-employment-contract-employee-termination-agreement","contract","employment-contract","employee","termination-agreement"
"Verträge","Arbeitsvertrag","Beamter","Aufhebungsvertrag","contract-employment-employee-terminationAgreement","contract-employment-contract-official-termination-agreement","contract","employment-contract","official","termination-agreement"
"Verträge","Arbeitsvertrag","öffentlicher Dienst","Aufhebungsvertrag","contract-employment-employee-terminationAgreement","contract-employment-contract-public-service-termination-agreement","contract","employment-contract","public-service","termination-agreement"
"Verträge","Dienstleistung","Wartung","Aufzug","contract-service-maintenance-maintenancecontract","contract-service-maintenance-elevator","contract","service","maintenance","elevator"
"Verträge","Arbeitsvertrag","Beamter","Aushilfe","employment-contract","contract-employment-contract-official-help","contract","employment-contract","official","help"
"Verträge","Arbeitsvertrag","öffentlicher Dienst","Aushilfe","employment-contract","contract-employment-contract-public-service-help","contract","employment-contract","public-service","help"
"Verträge","Arbeitsvertrag","Angestellter","Aushilfe","employment-contract","contract-employment-contract-employee-help","contract","employment-contract","employee","help"
"Verträge","Versicherung","Kranken","Ausland","contract-insurance-inthealth-inthealthcontract","contract-insurance-health-abroad","contract","insurance","health","abroad"
"Verträge","Versicherung","Kranken","Auslandsreise","contract-insurance-travel-travelcontract","contract-insurance-health-foreign-travel","contract","insurance","health","foreign-travel"
"Verträge","Mietvertrag","KFZ","Auto","contract-lease-lease-leasecontract","contract-rental-contract-car-car","contract","rental-contract","car","car"
"Verträge","Leasing","KFZ","Auto","leasing","contract-leasing-car-car","contract","leasing","car","car"
"Verträge","Kaufvertrag","KFZ","Auto","contract-sale-sale-salecontract","contract-purchase-contract-car-car","contract","purchase-contract","car","car"
"Verträge","Kredit","KFZ","Auto","contract-loan-credit-creditcontract","contract-credit-car-car","contract","credit","car","car"
"Verträge","Medien","Mobilfunk","Autotelefon","contract-media-media-mediacontract","contract-media-cellular-car-phone","contract","media","cellular","car-phone"
"Mobilität","Nutzfahrzeug","Anhänger","B","trailer","mobility-commercial-vehicle-trailer-b","mobility","commercial-vehicle","trailer","b"
"Mobilität","Nutzfahrzeug","Kasten","B","boxvan","mobility-commercial-vehicle-box-boxvan","mobility","commercial-vehicle","box","boxvan"
"Mobilität","Landwirtschaft","Traktor","B","tractor","mobility-agriculture-tractor-tractor","mobility","agriculture","tractor","tractor"
"Verträge","Darlehen","Förderung","Bafög","contract-loan-credit-creditcontract","contract-loan-support-student-loans","contract","loan","support","student-loans"
"Verträge","Versicherung","Sach","Bauherrenhaftpflicht","contract-insurance-builderliability-builderliabilitycontract","contract-insurance-object-builders-liability","contract","insurance","object","builders-liability"
"Immobilien","ohne Bebauung","Grund","Bebauungsgrundstück","building-plot","realestate-without-development-ground-building-plot","realestate","without-development","ground","building-plot"
"Verträge","Versicherung","Leben","Berufsunfähigkeit","contract-insurance-disability-disabilitycontract","contract-insurance-life-disability-insurance","contract","insurance","life","disability-insurance"
"Mobilität","Nutzfahrzeug","Kasten","C","boxvan","mobility-commercial-vehicle-box-boxvan","mobility","commercial-vehicle","box","boxvan"
"Mobilität","Nutzfahrzeug","Anhänger","C","trailer","mobility-commercial-vehicle-trailer-c","mobility","commercial-vehicle","trailer","c"
"Mobilität","Personenfahrzeug","Quad","C","quad","mobility-passenger-vehicle-quad-quad-c","mobility","passenger-vehicle","quad","quad-c"
"Mobilität","Landwirtschaft","Traktor","C","tractor","mobility-agriculture-tractor-tractor","mobility","agriculture","tractor","tractor"
"Mobilität","Personenfahrzeug","Auto","Cabrio","car","mobility-passenger-vehicle-car-convertible","mobility","passenger-vehicle","car","convertible"
"Immobilien","mit Bebauung","Parkfläche","Carport","carport","realestate-with-development-parking-space-carport","realestate","with-development","parking-space","carport"
"Finanzkonten","Kredit","Kreditkarte","Charge","contract-savings-savings-overnightcontract","financeaccount-credit-credit-card-charge","financeaccount","credit","credit-card","charge"
"Mobilität","Personenfahrzeug","Motorrad","Chopper","chopper","mobility-passenger-vehicle-motorcycle-chopper","mobility","passenger-vehicle","motorcycle","chopper"
"Mobilität","Fahrrad","Bike","City","bicycle","mobility-bike-bike-city","mobility","bike","bike","city"
"Mobilität","Fahrrad","Pedelec","City","pedelec","mobility-bike-pedelec-p-city","mobility","bike","pedelec","p-city"
"Mobilität","Fahrrad","E-Bike","City","ebike","mobility-bike-e-bike-e-city","mobility","bike","e-bike","e-city"
"Verträge","Kaufvertrag","Gegenstände","Couch","contract-sale-sale-salecontract","contract-purchase-contract-objects-coffee-table","contract","purchase-contract","objects","coffee-table"
"Mobilität","Personenfahrzeug","Auto","Coupé","car","mobility-passenger-vehicle-car-coupe","mobility","passenger-vehicle","car","coupe"
"Mobilität","Fahrrad","E-Bike","Cross","ebike","mobility-bike-e-bike-e-cross","mobility","bike","e-bike","e-cross"
"Mobilität","Fahrrad","Pedelec","Cross","pedelec","mobility-bike-pedelec-p-cross","mobility","bike","pedelec","p-cross"
"Mobilität","Fahrrad","Bike","Cross","bicycle","mobility-bike-bike-cross","mobility","bike","bike","cross"
"Mobilität","Personenfahrzeug","Motorrad","Cruiser","cruiser","mobility-passenger-vehicle-motorcycle-cruiser","mobility","passenger-vehicle","motorcycle","cruiser"
"Mobilität","Personenfahrzeug","Auto","CUV","car","mobility-passenger-vehicle-car-cuv","mobility","passenger-vehicle","car","cuv"
"Finanzkonten","Kredit","Kreditkarte","Debit","contract-creditcard-credit-creditcard","financeaccount-credit-credit-card-debit","financeaccount","credit","credit-card","debit"
"Mobilität","Personenfahrzeug","Motorrad","Dirt Bike","dirt-bike","mobility-passenger-vehicle-motorcycle-dirt-bike","mobility","passenger-vehicle","motorcycle","dirt-bike"
"Verträge","Versicherung","Gewerbe","D&O Managerhaftpflicht","contract-insurance-domanager-domanagercontract","contract-insurance-business-manager-liability","contract","insurance","business","manager-liability"
"Immobilien","mit Bebauung","Wohnhaus","Doppelhaushälfte","commercial-residential-property","realestate-with-development-residential-building-semit-detached-house","realestate","with-development","residential-building","semit-detached-house"
"Mobilität","Fahrrad","Pedelec","Dreirad","pedelec","mobility-bike-pedelec-p-tricycle","mobility","bike","pedelec","p-tricycle"
"Mobilität","Fahrrad","Bike","Dreirad","bicycle","mobility-bike-bike-tricycle","mobility","bike","bike","tricycle"
"Mobilität","Fahrrad","E-Bike","Dreirad","ebike","mobility-bike-e-bike-e-tricycle","mobility","bike","e-bike","e-tricycle"
"Verträge","Medien","Internet","DSL","contract-media-media-mediacontract","contract-media-internet-broadband","contract","media","internet","broadband"
"Verträge","Versicherung","Sach","E-Bike & Pedeleg","contract-insurance-bike-bikecontract","contract-insurance-object-ebike","contract","insurance","object","ebike"
"Immobilien","mit Bebauung","Wohnhaus","Einfamilienhaus","commercial-residential-property","realestate-with-development-residential-building-detached-house","realestate","with-development","residential-building","detached-house"
"Kontakte","Kontakte","Kontakt","Einzelkontakt","single-contact","contact-contact-contact-single-contact","contact","contact","contact","single-contact"
"Mobilität","Personenfahrzeug","Quad","Elektro","quad","mobility-passenger-vehicle-quad-quad-electro","mobility","passenger-vehicle","quad","quad-electro"
"Verträge","Versicherung","Sach","Elementar (Wohngebäude)","contract-insurance-fire-firecontract","contract-insurance-object-elementary","contract","insurance","object","elementary"
"Verträge","Darlehen","Immobilie","Endfällige Darlehen","contract-loan-credit-creditcontract","contract-loan-realestate-bullet-loans","contract","loan","realestate","bullet-loans"
"Mobilität","Fahrrad","Pedelec","Falt","pedelec","mobility-bike-pedelec-p-folding-bike","mobility","bike","pedelec","p-folding-bike"
"Mobilität","Fahrrad","Bike","Falt","bicycle","mobility-bike-bike-folding-bike","mobility","bike","bike","folding-bike"
"Mobilität","Fahrrad","E-Bike","Falt","ebike","mobility-bike-e-bike-e-folding-bike","mobility","bike","e-bike","e-folding-bike"
"Mobilität","Nutzfahrzeug","Wohnwagen","Familien","caravan","mobility-commercial-vehicle-caravan-family","mobility","commercial-vehicle","caravan","family"
"Verträge","Mietvertrag","Immobilie","Ferienhaus","contract-lease-lease-leasecontract","contract-rental-contract-realestate-holiday-house","contract","rental-contract","realestate","holiday-house"
"Immobilien","mit Bebauung","Wohnhaus","Ferienhaus","commercial-residential-property","realestate-with-development-residential-building-vacation-house","realestate","with-development","residential-building","vacation-house"
"Verträge","Mietvertrag","Immobilie","Ferienwohnung","contract-lease-lease-leasecontract","contract-rental-contract-realestate-holiday-apartment","contract","rental-contract","realestate","holiday-apartment"
"Verträge","Kaufvertrag","Geräte","Fernseher","contract-sale-sale-salecontract","contract-purchase-contract-devices-tv","contract","purchase-contract","devices","tv"
"Verträge","Energie","Heizen","Fernwärme","energy","contract-energy-heating-district-heating","contract","energy","heating","district-heating"
"Verträge","Versicherung","Sach","Feuer","insurance-fire","contract-insurance-object-fire","contract","insurance","object","fire"
"Verträge","Medien","Streaming","Filme / Serien","contract-media-media-mediacontract","contract-media-streaming-movies-series","contract","media","streaming","movies-series"
"Immobilien","mit Bebauung","Bewirtschaftung","Forst","forest","realestate-with-development-farmland-forest","realestate","with-development","farmland","forest"
"Verträge","Kredit","Kredit","freie Verwendung","contract-loan-credit-creditcontract","contract-credit-credit-free-use","contract","credit","credit","free-use"
"Immobilien","mit Bebauung","Bewirtschaftung","Frucht","fruit","realestate-with-development-farmland-fruit","realestate","with-development","farmland","fruit"
"Immobilien","mit Bebauung","Parkfläche","Garage","garage","realestate-with-development-parking-space-garage","realestate","with-development","parking-space","garage"
"Verträge","Mietvertrag","Abstellplatz","Garage","contract-lease-lease-leasecontract","contract-rental-contract-put-down-space-garage","contract","rental-contract","put-down-space","garage"
"Verträge","Dienstleistung","Service","Gärtner","contract-service-gardener-gardenerservicecontract","contract-service-service-gardener","contract","service","service","gardener"
"Verträge","Energie","Heizen","Gas","energy","contract-energy-heating-gas","contract","energy","heating","gas"
"Verträge","Versicherung","Gewerbe","Gebäude","contract-insurance-residential-residentialcontract","contract-insurance-business-building","contract","insurance","business","building"
"Verträge","Mietvertrag","Immobilie","Gebäude","contract-lease-lease-leasecontract","contract-rental-contract-realestate-building","contract","rental-contract","realestate","building"
"Mobilität","Personenfahrzeug","Auto","Geländewagen","car","mobility-passenger-vehicle-car-off-road-vehicle","mobility","passenger-vehicle","car","off-road-vehicle"
"Verträge","Dienstleistung","Gebühren","Gemeindegebühren","municipal-fees","contract-service-fees-municipal-fees","contract","service","fees","municipal-fees"
"Verträge","Versicherung","Kranken","gesetzliche Krankenversicherung","contract-insurance-health-healthcontract","contract-insurance-health-statutory-health-insurance","contract","insurance","health","statutory-health-insurance"
"Immobilien","mit Bebauung","Gewerbehaus","Gewerbeeinheit","commercial-residential-property","realestate-with-development-commercial-building-commercial-unit","realestate","with-development","commercial-building","commercial-unit"
"Immobilien","mit Bebauung","Gewerbehaus","Gewerbehaus","commercial-residential-property","realestate-with-development-commercial-building-commercial-building","realestate","with-development","commercial-building","commercial-building"
"Finanzkonten","Bank","Bankkonto","Girokonto","checking-account","financeaccount-bank-bank-account-checking-account","financeaccount","bank","bank-account","checking-account"
"Verträge","Versicherung","Sach","Glas","contract-insurance-fire-firecontract","contract-insurance-object-glas","contract","insurance","object","glas"
"Verträge","Medien","Internet","Glasfaser","contract-media-media-mediacontract","contract-media-internet-glass-fiber","contract","media","internet","glass-fiber"
"Finanzkonten","Systeme","Bezahlsysteme","Google Pay","contract-creditcard-credit-creditcard","financeaccount-systems-payment-systems-google-pay","financeaccount","systems","payment-systems","google-pay"
"Mobilität","Fahrrad","Pedelec","Gravel","pedelec","mobility-bike-pedelec-p-gravel","mobility","bike","pedelec","p-gravel"
"Mobilität","Fahrrad","Bike","Gravel","bicycle","mobility-bike-bike-gravel","mobility","bike","bike","gravel"
"Mobilität","Fahrrad","E-Bike","Gravel","ebike","mobility-bike-e-bike-e-gravel","mobility","bike","e-bike","e-gravel"
"Verträge","Kaufvertrag","Immobilie","Grunderwerbssteuer","contract-sale-sale-salecontract","contract-purchase-contract-realestate-real-estate-tax","contract","purchase-contract","realestate","real-estate-tax"
"Verträge","Dienstleistung","Gebühren","Grunderwerbssteuer","contract-tax-realestate-realestatetaxcontract","contract-service-fees-real-estate-tax","contract","service","fees","real-estate-tax"
"Immobilien","mit Bebauung","Halle","Halle","commercial-residential-property","realestate-with-development-hall-hall","realestate","with-development","hall","hall"
"Verträge","Kaufvertrag","Geräte","Handy","contract-sale-sale-salecontract","contract-purchase-contract-devices-mobile","contract","purchase-contract","devices","mobile"
"Verträge","Medien","Mobilfunk","Handy","contract-media-media-mediacontract","contract-media-cellular-mobile","contract","media","cellular","mobile"
"Verträge","Kaufvertrag","Immobilie","Haus","contract-sale-sale-salecontract","contract-purchase-contract-realestate-house","contract","purchase-contract","realestate","house"
"Verträge","Dienstleistung","Service","Hausmeisterservice","contract-service-caretaker-caretakerservicecontract","contract-service-service-caretaker-service","contract","service","service","caretaker-service"
"Verträge","Mietvertrag","Wohnen","Hausmietvertrag","contract-lease-lease-leasecontract","contract-rental-contract-reside-house-lease","contract","rental-contract","reside","house-lease"
"Verträge","Versicherung","Sach","Hausrat","contract-insurance-furniture-furniturecontract","contract-insurance-object-household-goods","contract","insurance","object","household-goods"
"Verträge","Versicherung","Sach","Haus- und Grundbesitzerhaftpflicht","contract-insurance-liability-liabilitycontract","contract-insurance-object-homeowner-liability","contract","insurance","object","homeowner-liability"
"Verträge","Dienstleistung","Service","Hausverwaltung","property-management","contract-service-service-property-management","contract","service","service","property-management"
"Verträge","Dienstleistung","Wartung","Heizung","contract-service-maintenance-maintenancecontract","contract-service-maintenance-heating","contract","service","maintenance","heating"
"Verträge","Dienstleistung","Service","Immobilienmakler","contract-service-broker-realestateagent","contract-service-service-real-estate-agent","contract","service","service","real-estate-agent"
"Mobilität","Boot","Motorbetrieben","Jollenkreuzer","motorboat","mobility-boat-motorized-motorboat","mobility","boat","motorized","motorboat"
"Verträge","Medien","Fernsehen","Kabelfernsehen","contract-media-media-mediacontract","contract-media-television-cable-tv","contract","media","television","cable-tv"
"Verträge","Dienstleistung","Service","KFZ-Inspektion","contract-mobility-car-inspection","contract-service-service-car-inspection","contract","service","service","car-inspection"
"Mobilität","Personenfahrzeug","Quad","Kinder","quad","mobility-passenger-vehicle-quad-quad-children","mobility","passenger-vehicle","quad","quad-children"
"Finanzkonten","Systeme","Bezahlsysteme","Klarna","contract-creditcard-credit-creditcard","financeaccount-systems-payment-systems-klarna","financeaccount","systems","payment-systems","klarna"
"Mobilität","Personenfahrzeug","Auto","Kleinbus","car","mobility-passenger-vehicle-car-minibus","mobility","passenger-vehicle","car","minibus"
"Mobilität","Personenfahrzeug","Auto","Kleintransporter","car","mobility-passenger-vehicle-car-small-transporter","mobility","passenger-vehicle","car","small-transporter"
"Mobilität","Personenfahrzeug","Auto","Kleinwagen","car","mobility-passenger-vehicle-car-small-car","mobility","passenger-vehicle","car","small-car"
"Mobilität","Personenfahrzeug","Auto","Kombi","car","mobility-passenger-vehicle-car-station-wagon","mobility","passenger-vehicle","car","station-wagon"
"Kontakte","Kontakte","Kontakt","Kontaktgruppe","contact-group","contact-contact-contact-contact-group","contact","contact","contact","contact-group"
"Verträge","Versicherung","Kranken","Krankenhaustagegeld","contract-insurance-dailyhospital-dailyhospitalcontract","contract-insurance-health-hospital-per-diem","contract","insurance","health","hospital-per-diem"
"Verträge","Versicherung","Kranken","Krankentagegeld","contract-insurance-dailysickness-dailysicknesscontract","contract-insurance-health-sick-pay","contract","insurance","health","sick-pay"
"Verträge","Versicherung","Sach","Kunst","contract-insurance-fire-firecontract","contract-insurance-object-art","contract","insurance","object","art"
"Mobilität","Fahrrad","Bike","Lasten","bicycle","mobility-bike-bike-cargo","mobility","bike","bike","cargo"
"Mobilität","Fahrrad","Pedelec","Lasten","pedelec","mobility-bike-pedelec-p-cargo","mobility","bike","pedelec","p-cargo"
"Mobilität","Fahrrad","E-Bike","Lasten","ebike","mobility-bike-e-bike-e-cargo","mobility","bike","e-bike","e-cargo"
"Verträge","Darlehen","Immobilie","Laufzeitzinsdarlehen","contract-loan-credit-creditcontract","contract-loan-realestate-term-loan","contract","loan","realestate","term-loan"
"Mobilität","Fahrrad","E-Bike","Lifestyle","ebike","mobility-bike-e-bike-e-lifestyle","mobility","bike","e-bike","e-lifestyle"
"Mobilität","Fahrrad","Pedelec","Lifestyle","pedelec","mobility-bike-pedelec-p-lifestyle","mobility","bike","pedelec","p-lifestyle"
"Mobilität","Fahrrad","Bike","Lifestyle","bicycle","mobility-bike-bike-lifestyle","mobility","bike","bike","lifestyle"
"Mobilität","Personenfahrzeug","Auto","Limousine","car","mobility-passenger-vehicle-car-limousine","mobility","passenger-vehicle","car","limousine"
"Mobilität","Nutzfahrzeug","Wohnwagen","Luxus","caravan","mobility-commercial-vehicle-caravan-luxury","mobility","commercial-vehicle","caravan","luxury"
"Immobilien","mit Bebauung","Wohnhaus","Mehrfamilienhaus","commercial-residential-property","realestate-with-development-residential-building-apartment-building","realestate","with-development","residential-building","apartment-building"
"Verträge","Versicherung","Sach","Mietausfall","contract-insurance-rental-rentalcontract","contract-insurance-object-loss-of-rent","contract","insurance","object","loss-of-rent"
"Verträge","Dienstleistung","Service","Mietverwaltung","contract-rentalmanagement-rentalmanagement-rentalmanagementcontract","contract-service-service-rental-management","contract","service","service","rental-management"
"Verträge","Arbeitsvertrag","Beamter","Mini","employment-contract","contract-employment-contract-official-mini-job","contract","employment-contract","official","mini-job"
"Verträge","Arbeitsvertrag","öffentlicher Dienst","Mini","employment-contract","contract-employment-contract-public-service-mini-job","contract","employment-contract","public-service","mini-job"
"Verträge","Arbeitsvertrag","Angestellter","Mini","employment-contract","contract-employment-contract-employee-mini-job","contract","employment-contract","employee","mini-job"
"Mobilität","Personenfahrzeug","Auto","Minivan","car","mobility-passenger-vehicle-car-minivan","mobility","passenger-vehicle","car","minivan"
"Mobilität","Personenfahrzeug","Wohnmobil","mit Alkoven","camper","mobility-passenger-vehicle-camper-alkoven","mobility","passenger-vehicle","camper","alkoven"
"Verträge","Darlehen","Immobilie","Modernisierung","contract-loan-credit-creditcontract","contract-loan-realestate-modernization","contract","loan","realestate","modernization"
"Verträge","Kredit","Kredit","Modernisierung","contract-loan-credit-creditcontract","contract-credit-credit-modernization","contract","credit","credit","modernization"
"Mobilität","Personenfahrzeug","Motorrad","Motocross","motocross","mobility-passenger-vehicle-motorcycle-motocross","mobility","passenger-vehicle","motorcycle","motocross"
"Verträge","Kredit","KFZ","Motorboot","contract-loan-credit-creditcontract","contract-credit-car-boat","contract","credit","car","boat"
"Mobilität","Boot","Motorbetrieben","Motorboot","motorboat","mobility-boat-motorized-motorboat","mobility","boat","motorized","motorboat"
"Verträge","Versicherung","KFZ","Motorrad","contract-insurance-automobile-automobilecontract","contract-insurance-car-motorcycle","contract","insurance","car","motorcycle"
"Verträge","Kaufvertrag","KFZ","Motorrad","contract-sale-sale-salecontract","contract-purchase-contract-car-motorcycle","contract","purchase-contract","car","motorcycle"
"Mobilität","Boot","Hybrid","Motorsegler","motorsailer","mobility-boat-hybrid-motor-glider","mobility","boat","hybrid","motor-glider"
"Mobilität","Fahrrad","Bike","Mountainbike","bicycle","mobility-bike-bike-mtb","mobility","bike","bike","mtb"
"Mobilität","Fahrrad","Pedelec","Mountainbike","pedelec","mobility-bike-pedelec-p-mtb","mobility","bike","pedelec","p-mtb"
"Mobilität","Fahrrad","E-Bike","Mountainbike","ebike","mobility-bike-e-bike-e-mtb","mobility","bike","e-bike","e-mtb"
"Verträge","Medien","Streaming","Musik","contract-media-media-mediacontract","contract-media-streaming-music","contract","media","streaming","music"
"Mobilität","Personenfahrzeug","Motorrad","Naked","naked","mobility-passenger-vehicle-motorcycle-naked","mobility","passenger-vehicle","motorcycle","naked"
"Verträge","Dienstleistung","Service","Notar","contract-service-notary-notarycontract","contract-service-service-notary","contract","service","service","notary"
"Mobilität","Personenfahrzeug","Quad","Offroad","quad","mobility-passenger-vehicle-quad-quad-offroad","mobility","passenger-vehicle","quad","quad-offroad"
"Verträge","Energie","Heizen","Öl","energy","contract-energy-heating-oil","contract","energy","heating","oil"
"Finanzkonten","Kredit","Kreditkarte","Online Virtuell","contract-propertymanagement-propertymanagement-propertymanagementcontract","financeaccount-credit-credit-card-online-virtual","financeaccount","credit","credit-card","online-virtual"
"Immobilien","mit Bebauung","Parkfläche","Parkhaus","parking-house","realestate-with-development-parking-space-parking-house","realestate","with-development","parking-space","parking-house"
"Verträge","Mietvertrag","Abstellplatz","Parkplatz","contract-lease-lease-leasecontract","contract-rental-contract-put-down-space-parking","contract","rental-contract","put-down-space","parking"
"Immobilien","mit Bebauung","Parkfläche","Parkplatz","parking-space","realestate-with-development-parking-space-parking-space","realestate","with-development","parking-space","parking-space"
"Verträge","Darlehen","Immobilie","Partiarische Darlehen","contract-loan-credit-creditcontract","contract-loan-realestate-participatory-loans","contract","loan","realestate","participatory-loans"
"Finanzkonten","Systeme","Bezahlsysteme","Paypal","contract-rentalmanagement-rentalmanagement-rentalmanagementcontract","financeaccount-systems-payment-systems-paypal","financeaccount","systems","payment-systems","paypal"
"Immobilien","mit Bebauung","Wohnhaus","Pflegeeinrichtung","commercial-residential-property","realestate-with-development-residential-building-care-facility","realestate","with-development","residential-building","care-facility"
"Verträge","Versicherung","Leben","Pflegetagegeld","contract-insurance-longtermcaredaily-longtermcaredailycontract","contract-insurance-life-daily-care-allowance","contract","insurance","life","daily-care-allowance"
"Verträge","Versicherung","Leben","Pflegeversicherung","contract-insurance-longtermcare-longtermcarecontract","contract-insurance-life-care-insurance","contract","insurance","life","care-insurance"
"Verträge","Versicherung","Sach","Photovoltaik","contract-insurance-photovoltaic-photovoltaiccontract","contract-insurance-object-photovoltaic","contract","insurance","object","photovoltaic"
"Mobilität","Personenfahrzeug","Auto","Pickup","car","mobility-passenger-vehicle-car-pickup","mobility","passenger-vehicle","car","pickup"
"Mobilität","Personenfahrzeug","Quad","Pocket","quad","mobility-passenger-vehicle-quad-quad-pocket","mobility","passenger-vehicle","quad","quad-pocket"
"Verträge","Arbeitsvertrag","Beamter","Praktikumsvertrag","employment-contract","contract-employment-contract-official-internship","contract","employment-contract","official","internship"
"Verträge","Arbeitsvertrag","öffentlicher Dienst","Praktikumsvertrag","employment-contract","contract-employment-contract-public-service-internship","contract","employment-contract","public-service","internship"
"Verträge","Arbeitsvertrag","Angestellter","Praktikumsvertrag","employment-contract","contract-employment-contract-employee-internship","contract","employment-contract","employee","internship"
"Finanzkonten","Kredit","Kreditkarte","Prepaid","contract-creditcard-credit-creditcardcontract","financeaccount-credit-credit-card-prepaid","financeaccount","credit","credit-card","prepaid"
"Verträge","Versicherung","Sach","Privathaftpflicht","contract-insurance-liability-liabilitycontract","contract-insurance-object-personal-liability","contract","insurance","object","personal-liability"
"Verträge","Versicherung","Kranken","Privat Kranken voll","contract-insurance-health-prisickfullcontract","contract-insurance-health-additional-insurance-full","contract","insurance","health","additional-insurance-full"
"Verträge","Versicherung","Kranken","Privat Zusatz ambulant","contract-insurance-priaddout-priaddoutcontract","contract-insurance-health-additional-insurance-outpatient","contract","insurance","health","additional-insurance-outpatient"
"Verträge","Versicherung","Kranken","Privat Zusatz stationär","contract-insurance-priaddstat-priaddstatcontract","contract-insurance-health-additional-insurance-stationary","contract","insurance","health","additional-insurance-stationary"
"Verträge","Versicherung","Kranken","Privat Zusatz Zahn","contract-insurance-health-prisickfullcontract","contract-insurance-health-additional-insurance-teeth","contract","insurance","health","additional-insurance-teeth"
"Verträge","Mietvertrag","Immobilie","Raum","contract-lease-lease-leasecontract","contract-rental-contract-realestate-room","contract","rental-contract","realestate","room"
"Verträge","Versicherung","Sach","Rechtsschutz","contract-insurance-legalprotection-legalprotectioncontract","contract-insurance-object-legal-protection","contract","insurance","object","legal-protection"
"Verträge","Versicherung","Gewerbe","Rechtsschutz","contract-insurance-legalprotection-legalprotectioncontract","contract-insurance-business-legal-protection","contract","insurance","business","legal-protection"
"Immobilien","mit Bebauung","Wohnhaus","Reihenendhaus","commercial-residential-property","realestate-with-development-residential-building-terraced-end-house","realestate","with-development","residential-building","terraced-end-house"
"Immobilien","mit Bebauung","Wohnhaus","Reihenmittelhaus","commercial-residential-property","realestate-with-development-residential-building-terraced-mid-house","realestate","with-development","residential-building","terraced-mid-house"
"Verträge","Dienstleistung","Service","Reinigung","contract-service-cleaning-cleaningcontract","contract-service-service-cleaning","contract","service","service","cleaning"
"Mobilität","Personenfahrzeug","Quad","Renn","quad","mobility-passenger-vehicle-quad-quad-race","mobility","passenger-vehicle","quad","quad-race"
"Mobilität","Fahrrad","E-Bike","Rennrad","ebike","mobility-bike-e-bike-e-racing-bike","mobility","bike","e-bike","e-racing-bike"
"Mobilität","Fahrrad","Pedelec","Rennrad","pedelec","mobility-bike-pedelec-p-racing-bike","mobility","bike","pedelec","p-racing-bike"
"Mobilität","Fahrrad","Bike","Rennrad","bicycle","mobility-bike-bike-racing-bike","mobility","bike","bike","racing-bike"
"Verträge","Versicherung","Leben","Rentenversicherung Fonds","contract-insurance-pensionfund-pensionfundcontract","contract-insurance-life-pension-insurance-fund","contract","insurance","life","pension-insurance-fund"
"Verträge","Versicherung","Leben","Rentenversicherung klassisch","contract-insurance-classicpension-classicpensioncontract","contract-insurance-life-pension-insurance","contract","insurance","life","pension-insurance"
"Finanzkonten","Kredit","Kreditkarte","Revolving","contract-creditcard-credit-creditcardcontract","financeaccount-credit-credit-card-revolving","financeaccount","credit","credit-card","revolving"
"Verträge","Versicherung","Leben","Risiko Lebensversicherung","contract-insurance-risklife-risklifecontract","contract-insurance-life-risk-life-insurance","contract","insurance","life","risk-life-insurance"
"Mobilität","Personenfahrzeug","Quad","Road","quad","mobility-passenger-vehicle-quad-quad-road","mobility","passenger-vehicle","quad","quad-road"
"Mobilität","Personenfahrzeug","Auto","Roadstar","car","mobility-passenger-vehicle-car-roadstar","mobility","passenger-vehicle","car","roadstar"
"Verträge","Darlehen","Immobilie","Rollierende Geldmarktdarlehen","contract-loan-credit-creditcontract","contract-loan-realestate-rolling-market-loans","contract","loan","realestate","rolling-market-loans"
"Finanzkonten","Kredit","Kreditkarte","Samsung","contract-creditcard-credit-creditcard","financeaccount-credit-credit-card-samsung","financeaccount","credit","credit-card","samsung"
"Verträge","Medien","Fernsehen","Satellitenfernsehen","contract-media-media-mediacontract","contract-media-television-satellite-tv","contract","media","television","satellite-tv"
"Verträge","Dienstleistung","Wartung","Schornsteinfeger","chimney-sweeper","contract-service-maintenance-chimney-sweeper","contract","service","maintenance","chimney-sweeper"
"Immobilien","mit Bebauung","Garten","Schrebergarten","allotment-garden","realestate-with-development-garden-allotment-garden","realestate","with-development","garden","allotment-garden"
"Mobilität","Boot","Segeln","Segelboot","sailboat","mobility-boat-sailing-sailing-boat","mobility","boat","sailing","sailing-boat"
"Mobilität","Boot","Segeln","Segelyacht","sailboat","mobility-boat-sailing-sailing-yacht","mobility","boat","sailing","sailing-yacht"
"Mobilität","Personenfahrzeug","Quad","Side by Side","quad","mobility-passenger-vehicle-quad-quad-side-by-side","mobility","passenger-vehicle","quad","quad-side-by-side"
"Finanzkonten","Systeme","Bezahlsysteme","Skrill","contract-creditcard-credit-creditcard","financeaccount-systems-payment-systems-skrill","financeaccount","systems","payment-systems","skrill"
"Finanzkonten","Bank","Bankkonto","Sparkonto","contract-savings-savings-savingscontract","financeaccount-bank-bank-account-saving-account","financeaccount","bank","bank-account","saving-account"
"Mobilität","Fahrrad","Bike","Speed","bicycle","mobility-bike-bike-speed-bike","mobility","bike","bike","speed-bike"
"Mobilität","Fahrrad","Pedelec","Speed","pedelec","mobility-bike-pedelec-p-speed-bike","mobility","bike","pedelec","p-speed-bike"
"Mobilität","Fahrrad","E-Bike","Speed","ebike","mobility-bike-e-bike-e-speed-bike","mobility","bike","e-bike","e-speed-bike"
"Mobilität","Nutzfahrzeug","Wohnwagen","Sport","caravan","mobility-commercial-vehicle-caravan-sport","mobility","commercial-vehicle","caravan","sport"
"Mobilität","Boot","Motorbetrieben","Sportboot","motorboat","mobility-boat-motorized-motorboat","mobility","boat","motorized","motorboat"
"Mobilität","Personenfahrzeug","Motorrad","Srambler","srambler","mobility-passenger-vehicle-motorcycle-srambler","mobility","passenger-vehicle","motorcycle","srambler"
"Mobilität","Personenfahrzeug","Motorrad","Streetfighter","streetfighter","mobility-passenger-vehicle-motorcycle-streetfighter","mobility","passenger-vehicle","motorcycle","streetfighter"
"Finanzkonten","Systeme","Bezahlsysteme","Stripe","contract-creditcard-credit-creditcard","financeaccount-systems-payment-systems-stripe","financeaccount","systems","payment-systems","stripe"
"Verträge","Energie","Photovoltaik","Strom","energy","contract-energy-photovoltaic-electricity","contract","energy","photovoltaic","electricity"
"Verträge","Energie","Elektrik","Strom","energy-electric-strom","contract-energy-electric-electricity","contract","energy","electric","electricity"
"Mobilität","Personenfahrzeug","Motorrad","Stuntbike","stuntbike","mobility-passenger-vehicle-motorcycle-stuntbike","mobility","passenger-vehicle","motorcycle","stuntbike"
"Mobilität","Fahrrad","E-Bike","SUV","ebike","mobility-bike-e-bike-e-suv","mobility","bike","e-bike","e-suv"
"Mobilität","Fahrrad","Bike","SUV","bicycle","mobility-bike-bike-suv","mobility","bike","bike","suv"
"Mobilität","Fahrrad","Pedelec","SUV","pedelec","mobility-bike-pedelec-p-suv","mobility","bike","pedelec","p-suv"
"Mobilität","Personenfahrzeug","Auto","SUV","car","mobility-passenger-vehicle-car-suv","mobility","passenger-vehicle","car","suv"
"Verträge","Medien","Mobilfunk","Tablet","contract-media-media-mediacontract","contract-media-cellular-tablet","contract","media","cellular","tablet"
"Mobilität","Personenfahrzeug","Wohnmobil","teilintegriert","camper","mobility-passenger-vehicle-camper-semi-integrated","mobility","passenger-vehicle","camper","semi-integrated"
"Verträge","Arbeitsvertrag","Beamter","Teilzeit","employment-contract","contract-employment-contract-official-half-time","contract","employment-contract","official","half-time"
"Verträge","Arbeitsvertrag","öffentlicher Dienst","Teilzeit","employment-contract","contract-employment-contract-public-service-half-time","contract","employment-contract","public-service","half-time"
"Verträge","Arbeitsvertrag","Angestellter","Teilzeit","employment-contract","contract-employment-contract-employee-half-time","contract","employment-contract","employee","half-time"
"Verträge","Versicherung","Sach","Tierhalterhaftpflicht","contract-insurance-liabilitypet-liabilitypetcontract","contract-insurance-object-animal-owner-liability","contract","insurance","object","animal-owner-liability"
"Verträge","Versicherung","Sach","Tier OP","contract-insurance-pet-petcontract","contract-insurance-object-animal-surgery","contract","insurance","object","animal-surgery"
"Verträge","Darlehen","Immobilie","Tilgungsdarlehen","contract-loan-credit-creditcontract","contract-loan-realestate-amortization-loan","contract","loan","realestate","amortization-loan"
"Verträge","Kaufvertrag","Gegenstände","Tisch","contract-sale-sale-salecontract","contract-purchase-contract-objects-table","contract","purchase-contract","objects","table"
"Mobilität","Landwirtschaft","Traktor","Träker","tractor","mobility-agriculture-tractor-tractor","mobility","agriculture","tractor","tractor"
"Verträge","Versicherung","KFZ","Traktor","contract-insurance-automobile-automobilecontract","contract-insurance-car-tractor","contract","insurance","car","tractor"
"Mobilität","Personenfahrzeug","Auto","Transporter","car","mobility-passenger-vehicle-car-transporter","mobility","passenger-vehicle","car","transporter"
"Mobilität","Fahrrad","Bike","Trekking","bicycle","mobility-bike-bike-trekking-bike","mobility","bike","bike","trekking-bike"
"Mobilität","Fahrrad","E-Bike","Trekking","ebike","mobility-bike-e-bike-e-trekking-bike","mobility","bike","e-bike","e-trekking-bike"
"Mobilität","Fahrrad","Pedelec","Trekking","pedelec","mobility-bike-pedelec-p-trekking-bike","mobility","bike","pedelec","p-trekking-bike"
"Mobilität","Personenfahrzeug","Motorrad","Trial","trial","mobility-passenger-vehicle-motorcycle-trial","mobility","passenger-vehicle","motorcycle","trial"
"Verträge","Kredit","Kredit","Umschuldung","contract-loan-credit-creditcontract","contract-credit-credit-rescheduling","contract","credit","credit","rescheduling"
"Verträge","Versicherung","Sach","Umweltschadenhaftpflicht","contract-insurance-environmentaldamage-environmentaldamagecontract","contract-insurance-object-environmental-damage","contract","insurance","object","environmental-damage"
"Verträge","Versicherung","Sach","Unfall","contract-insurance-accident-accidentcontract","contract-insurance-object-accident","contract","insurance","object","accident"
"Mobilität","Personenfahrzeug","Auto","Van","car","mobility-passenger-vehicle-car-van","mobility","passenger-vehicle","car","van"
"Verträge","Dienstleistung","Service","Versicherungsmakler","contract-insurance-broker-brokercontract","contract-service-service-insurance-broker","contract","service","service","insurance-broker"
"Mobilität","Personenfahrzeug","Wohnmobil","vollintegriert","camper","mobility-passenger-vehicle-camper-fully-integrated","mobility","passenger-vehicle","camper","fully-integrated"
"Verträge","Arbeitsvertrag","Angestellter","Vollzeit","employment-contract","contract-employment-contract-employee-full-time","contract","employment-contract","employee","full-time"
"Verträge","Arbeitsvertrag","Beamter","Vollzeit","employment-contract","contract-employment-contract-official-full-time","contract","employment-contract","official","full-time"
"Verträge","Arbeitsvertrag","öffentlicher Dienst","Vollzeit","employment-contract","contract-employment-contract-public-service-full-time","contract","employment-contract","public-service","full-time"
"Verträge","Dienstleistung","Wartung","Wärmepumpe","contract-service-maintenance-maintenancecontract","contract-service-maintenance-heat-pump","contract","service","maintenance","heat-pump"
"Immobilien","mit Bebauung","Bewirtschaftung","Weide","pasture","realestate-with-development-farmland-pasture","realestate","with-development","farmland","pasture"
"Verträge","Arbeitsvertrag","Angestellter","Werkvertrag","employment-contract","contract-employment-contract-employee-work-contract","contract","employment-contract","employee","work-contract"
"Verträge","Arbeitsvertrag","Beamter","Werkvertrag","employment-contract","contract-employment-contract-official-work-contract","contract","employment-contract","official","work-contract"
"Verträge","Arbeitsvertrag","öffentlicher Dienst","Werkvertrag","employment-contract","contract-employment-contract-public-service-work-contract","contract","employment-contract","public-service","work-contract"
"Immobilien","ohne Bebauung","Grund","Wiese","meadow","realestate-without-development-ground-meadow","realestate","without-development","ground","meadow"
"Verträge","Versicherung","Sach","Wohngebäude","contract-insurance-residential-residentialcontract","contract-insurance-object-residential-building","contract","insurance","object","residential-building"
"Verträge","Mietvertrag","KFZ","Wohnmobil","contract-lease-lease-leasecontract","contract-rental-contract-car-camper","contract","rental-contract","car","camper"
"Verträge","Versicherung","KFZ","Wohnmobil","contract-insurance-automobile-automobilecontract","contract-insurance-car-camper","contract","insurance","car","camper"
"Verträge","Kaufvertrag","Immobilie","Wohnung","contract-sale-sale-salecontract","contract-purchase-contract-realestate-apartment","contract","purchase-contract","realestate","apartment"
"Immobilien","mit Bebauung","Wohn + Gewerbehaus","Wohnungen & Gewerbe","commercial-residential-property","realestate-with-development-commercial-residential-building-apartments-commercial-mix","realestate","with-development","commercial-residential-building","apartments-commercial-mix"
"Verträge","Mietvertrag","Wohnen","Wohnungsmietvertrag","contract-lease-lease-leasecontract","contract-rental-contract-reside-apartment-rental-agreement","contract","rental-contract","reside","apartment-rental-agreement"
"Verträge","Kredit","KFZ","Wohnwagen","contract-loan-credit-creditcontract","contract-credit-car-caravan","contract","credit","car","caravan"
"Verträge","Versicherung","KFZ","Wohnwagen","contract-insurance-automobile-automobilecontract","contract-insurance-car-caravan","contract","insurance","car","caravan"
"Mobilität","Fahrrad","Pedelec","XXL","pedelec","mobility-bike-pedelec-p-xxl","mobility","bike","pedelec","p-xxl"
"Mobilität","Fahrrad","Bike","XXL","bicycle","mobility-bike-bike-xxl","mobility","bike","bike","xxl"
"Mobilität","Fahrrad","E-Bike","XXL","ebike","mobility-bike-e-bike-e-xxl","mobility","bike","e-bike","e-xxl"
"Mobilität","Boot","Motorbetrieben","Yacht","motorboat","mobility-boat-motorized-motorboat","mobility","boat","motorized","motorboat"
"Mobilität","Nutzfahrzeug","Wohnwagen","Zelt","caravan","mobility-commercial-vehicle-caravan-tent","mobility","commercial-vehicle","caravan","tent"
"Immobilien","mit Bebauung","Wohnhaus","Zweifamilienhaus","commercial-residential-property","realestate-with-development-residential-building-two-family-house","realestate","with-development","residential-building","two-family-house"
"Mobilität","Nutzfahrzeug","Wohnwagen","Zwei-Personen","caravan","mobility-commercial-vehicle-caravan-two-persons","mobility","commercial-vehicle","caravan","two-persons"